idx,task_id,category,prompt,expected,answer,score,passed,total_time_s,stage0_ms,stage2_ms,stage3_ms,det_ms,llm_ms,complexity,qc_pass,solver,prompt_tokens,completion_tokens
0,hep-00a5e59ef77d,,"Fix the bug in this Python function:

for idx, elem in enumerate(numbers):
        for idx2, elem2 in enumerate(numbers)","for idx, elem in enumerate(numbers):
        for idx2, elem2 in enumerate(numbers):
            if idx != idx2:
        ","```python
def has_close_elements(numbers, threshold):
    for idx, elem in enumerate(numbers):
        for idx2, elem2 i",0.9,True,0.448,0.0,9.6,0.2,0.0,437.0,0.195,True,local_llm,237,62
1,hep-0393737b8f57,,"Fix the bug in this Python function:

lis = list()
    for i in s.split(' '):
        if i.isdigit():
            lis.ap","lis = list()
    for i in s.split(' '):
        if i.isdigit():
            lis.append(int(i))
    return n - sum(lis)","```python
def fruit_distribution(s, n):
    lis = list()
    for i in s.split(' '):
        if i.isdigit():
            ",0.95,True,0.348,0.0,1.4,0.1,0.0,346.7,0.198,True,local_llm,328,48
2,hep-0bd572a832ca,,"Fix the bug in this Python function:

temp_a, temp_b = a, b
    if isinstance(temp_a, str): temp_a = temp_a.replace(',',","temp_a, temp_b = a, b
    if isinstance(temp_a, str): temp_a = temp_a.replace(',','.')
    if isinstance(temp_b, str): t","```python
def compare_one(a, b):
    temp_a, temp_b = a, b
    if isinstance(temp_a, str):
        temp_a = temp_a.repla",0.8,True,0.612,0.0,1.3,0.0,0.0,611.0,0.193,True,local_llm,286,93
3,hep-0c9906baeaef,,"Fix the bug in this Python function:

sum_value = 0
    prod_value = 0

    for n in numbers:
        sum_value += n
   ","sum_value = 0
    prod_value = 1

    for n in numbers:
        sum_value += n
        prod_value *= n
    return sum_va","```python
def sum_product(numbers: List[int]) -> Tuple[int, int]:
    sum_value = 0
    prod_value = 1",0.9,True,0.203,0.0,0.7,0.0,0.0,202.7,0.193,True,local_llm,216,31
4,hep-0dc795e3a2eb,,"Fix the bug in this Python function:

value_map = {
        'zero': 0,
        'one': 1,
        'two': 2,
        'thre","value_map = {
        'zero': 0,
        'one': 1,
        'two': 2,
        'three': 3,
        'four': 4,
        'fiv","```python
def sort_numbers(numbers: str) -> str:
    value_map = {
        'zero': 0,
        'one': 1,
        'two': 2",0.9,True,0.694,0.0,0.8,0.0,0.0,693.4,0.205,True,local_llm,265,108
